Workbook

Sheet Emissions by Airport
A1: 机场名称 | B1: HC (g) | C1: CO (g) | D1: NOₓ (g) | E1: nvPM (g) | F1: CO₂ (g) | G1: CEctol | H1: Province
A2: AAT阿勒泰雪都机场 | B2: 6.0797415 | C2: 70.013548 | D2: 184.26592 | E2: 0.30156403 | F2: 34165.033 | G2: =130*D2+2*F2 -> 92284.636 | H2: Xinjiang
A3: ACX兴义万峰林机场 | B3: 2.0347086 | C3: 10.582956 | D3: 20.067051 | E3: 0.035280044 | F3: 4379.4875 | G3: =130*D3+2*F3 -> 11367.692 | H3: Guizhou
A4: AEB百色巴马机场_backup | B4: 4.3123673 | C4: 46.076728 | D4: 77.531927 | E4: 0.1117798 | F4: 13920.089 | G4: =130*D4+2*F4 -> 37919.329 | H4: Guangxi
A5: AHJ阿坝红原机场1_backup | B5: 0.600144 | C5: 3.225574 | D5: 12.879123 | E5: 0.023225067 | F5: 2670.9313 | G5: =130*D5+2*F5 -> 7016.1486 | H5: Sichuan
A6: AKU阿克苏红旗坡机场_backup | B6: 7.1681709 | C6: 87.285771 | D6: 269.41393 | E6: 0.42548042 | F6: 46050.008 | G6: =130*D6+2*F6 -> 127123.83 | H6: Xinjiang
A7: AOG鞍山腾鳌机场1_backup | B7: 0.29700386 | C7: 7.6219225 | D7: 49.727399 | E7: 0.015944225 | F7: 4920.4837 | G7: =130*D7+2*F7 -> 16305.529 | H7: Liaoning
A8: AQG安庆天柱山机场1_backup | B8: 0.50296895 | C8: 13.808959 | D8: 128.65404 | E8: 0.014230825 | F8: 11932.741 | G8: =130*D8+2*F8 -> 40590.507 | H8: Anhui
A9: AVA安顺黄果树机场1_backup | B9: 0.48922657 | C9: 8.7394569 | D9: 53.705428 | E9: 0.034742615 | F9: 5818.617 | G9: =130*D9+2*F9 -> 18618.94 | H9: Guizhou
A10: AXF阿拉善左旗巴彦浩特机场1_backup | B10: 0.38779515 | C10: 18.309856 | D10: 59.45459 | E10: 0.088878417 | F10: 13624.009 | G10: =130*D10+2*F10 -> 34977.115 | H10: Inner Mongolia
A11: BAR琼海博鳌国际机场1_backup | B11: 1.652286 | C11: 20.513125 | D11: 135.59489 | E11: 0.14219241 | F11: 16443.43 | G11: =130*D11+2*F11 -> 50514.195 | H11: Hainan
A12: BAV包头机场1_backup | B12: 5.9176883 | C12: 77.355146 | D12: 396.06246 | E12: 0.44369273 | F12: 56469.309 | G12: =130*D12+2*F12 -> 164426.74 | H12: Inner Mongolia
A13: BFG锡林浩特机场1 | B13: 0.010117038 | C13: 0.11027158 | D13: 0.41375114 | E13: 0.00067681061 | F13: 34.842751 | G13: =130*D13+2*F13 -> 123.47315 | H13: Inner Mongolia
... A238: SHA上海虹桥机场 | B238: 89.803072 | C238: 992.05872 | D238: 13276.55 | E238: 14.415028 | F238: 1231308 | G238: =130*D238+2*F238 -> 4188567.5 | H238: Shanghai
B239: =MIN(B2:B238) -> 0.010117038 | C239: =MIN(C2:C238) -> 0.11027158 | D239: =MIN(D2:D238) -> 0.41375114 | E239: =MIN(E2:E238) -> 0.00015233215 | F239: =MIN(F2:F238) -> 34.842751
B240: =MAX(B2:B238) -> 164.76351 | C240: =MAX(C2:C238) -> 2203.3704 | D240: =MAX(D2:D238) -> 14327.404 | E240: =MAX(E2:E238) -> 22.693539 | F240: =MAX(F2:F238) -> 1655919.7
B241: =AVERAGE(B2:B238) -> 17.268295 | C241: =AVERAGE(C2:C238) -> 219.63961 | D241: =AVERAGE(D2:D238) -> 1270.0836 | E241: =AVERAGE(E2:E238) -> 1.456026 | F241: =AVERAGE(F2:F238) -> 152341.53

Sheet CEctol by Province
A1: Province | B1: CEctol (dimensionless) | C1: Population (10⁴ persons) | D1: Per capita CEctol | E1: Geographical region
A2: Shanghai | B2: =SUMIF('Emissions by Airport'!$H:$H,"Shanghai",'Emissions by Airport'!$G:$G) -> 8222204.4 | C2: 2428.14 | D2: =B2/C2/10000 -> 0.33862151 | E2: East China
A3: Yunnan Province | B3: =SUMIF('Emissions by Airport'!$H:$H,"Yunnan",'Emissions by Airport'!$G:$G) -> 5570324.7 | C3: 4858.3 | D3: =B3/C3/10000 -> 0.11465584 | E3: Southwest
A4: Inner Mongolia Autonomous Region | B4: =SUMIF('Emissions by Airport'!$H:$H,"Inner Mongolia",'Emissions by Airport'!$G:$G) -> 2763682.5 | C4: 2540.63 | D4: =B4/C4/10000 -> 0.10877942 | E4: North China
A5: Beijing | B5: =SUMIF('Emissions by Airport'!$H:$H,"Beijing",'Emissions by Airport'!$G:$G) -> 5866090.1 | C5: 2153.6 | D5: =B5/C5/10000 -> 0.27238531 | E5: North China
A6: Jilin Province | B6: =SUMIF('Emissions by Airport'!$H:$H,"Jilin",'Emissions by Airport'!$G:$G) -> 1999153.3 | C6: 2690.73 | D6: =B6/C6/10000 -> 0.074297804 | E6: Northeast
A7: Sichuan Province | B7: =SUMIF('Emissions by Airport'!$H:$H,"Sichuan",'Emissions by Airport'!$G:$G) -> 3318050.2 | C7: 8375 | D7: =B7/C7/10000 -> 0.03961851 | E7: Southwest
A8: Tianjin | B8: =SUMIF('Emissions by Airport'!$H:$H,"Tianjin",'Emissions by Airport'!$G:$G) -> 1685742.2 | C8: 1561.83 | D8: =B8/C8/10000 -> 0.10793378 | E8: North China
A9: Ningxia Hui Autonomous Region | B9: =SUMIF('Emissions by Airport'!$H:$H,"Ningxia",'Emissions by Airport'!$G:$G) -> 1307795.4 | C9: 694.66 | D9: =B9/C9/10000 -> 0.1882641 | E9: Northwest
A10: Anhui Province | B10: =SUMIF('Emissions by Airport'!$H:$H,"Anhui",'Emissions by Airport'!$G:$G) -> 2132560.1 | C10: 6365.9 | D10: =B10/C10/10000 -> 0.033499743 | E10: East China
A11: Shandong Province | B11: =SUMIF('Emissions by Airport'!$H:$H,"Shandong",'Emissions by Airport'!$G:$G) -> 5431269.9 | C11: 10070.21 | D11: =B11/C11/10000 -> 0.053934028 | E11: East China
A12: Shanxi Province | B12: =SUMIF('Emissions by Airport'!$H:$H,"Shanxi",'Emissions by Airport'!$G:$G) -> 2107356.9 | C12: 3729.22 | D12: =B12/C12/10000 -> 0.056509321 | E12: North China
A13: Guangdong Province | B13: =SUMIF('Emissions by Airport'!$H:$H,"Guangdong",'Emissions by Airport'!$G:$G) -> 10219173 | C13: 11521 | D13: =B13/C13/10000 -> 0.088700399 | E13: South China
A14: Guangxi Zhuang Autonomous Region | B14: =SUMIF('Emissions by Airport'!$H:$H,"Guangxi",'Emissions by Airport'!$G:$G) -> 3461578.9 | C14: 4960 | D14: =B14/C14/10000 -> 0.069789897 | E14: South China
A15: Xinjiang Uygur Autonomous Region | B15: =SUMIF('Emissions by Airport'!$H:$H,"Xinjiang",'Emissions by Airport'!$G:$G) -> 4388949.1 | C15: 2523.22 | D15: =B15/C15/10000 -> 0.17394239 | E15: Northwest
A16: Jiangsu Province | B16: =SUMIF('Emissions by Airport'!$H:$H,"Jiangsu",'Emissions by Airport'!$G:$G) -> 6947681.2 | C16: 8070 | D16: =B16/C16/10000 -> 0.086092704 | E16: East China
A17: Jiangxi Province | B17: =SUMIF('Emissions by Airport'!$H:$H,"Jiangxi",'Emissions by Airport'!$G:$G) -> 976699.77 | C17: 4666.1 | D17: =B17/C17/10000 -> 0.020931823 | E17: East China
A18: Hebei Province | B18: =SUMIF('Emissions by Airport'!$H:$H,"Hebei",'Emissions by Airport'!$G:$G) -> 1019652.9 | C18: 7591.97 | D18: =B18/C18/10000 -> 0.013430676 | E18: North China
A19: Henan Province | B19: =SUMIF('Emissions by Airport'!$H:$H,"Henan",'Emissions by Airport'!$G:$G) -> 3208424.2 | C19: 9640 | D19: =B19/C19/10000 -> 0.033282409 | E19: Central China
A20: Zhejiang Province | B20: =SUMIF('Emissions by Airport'!$H:$H,"Zhejiang",'Emissions by Airport'!$G:$G) -> 5972881.8 | C20: 5850 | D20: =B20/C20/10000 -> 0.10210054 | E20: East China
A21: Hainan Province | B21: =SUMIF('Emissions by Airport'!$H:$H,"Hainan",'Emissions by Airport'!$G:$G) -> 3982378.3 | C21: 944.72 | D21: =B21/C21/10000 -> 0.4215406 | E21: South China
A22: Hubei Province | B22: =SUMIF('Emissions by Airport'!$H:$H,"Hubei",'Emissions by Airport'!$G:$G) -> 3340332.9 | C22: 5927 | D22: =B22/C22/10000 -> 0.056357904 | E22: Central China
A23: Hunan Province | B23: =SUMIF('Emissions by Airport'!$H:$H,"Hunan",'Emissions by Airport'!$G:$G) -> 3052019.7 | C23: 6918.38 | D23: =B23/C23/10000 -> 0.044114659 | E23: Central China
A24: Gansu Province | B24: =SUMIF('Emissions by Airport'!$H:$H,"Gansu",'Emissions by Airport'!$G:$G) -> 1468230.7 | C24: 2647.43 | D24: =B24/C24/10000 -> 0.055458716 | E24: Northwest
A25: Fujian Province | B25: =SUMIF('Emissions by Airport'!$H:$H,"Fujian",'Emissions by Airport'!$G:$G) -> 3673029.3 | C25: 3973 | D25: =B25/C25/10000 -> 0.092449768 | E25: East China
A26: Xizang Autonomous Region | B26: =SUMIF('Emissions by Airport'!$H:$H,"Xizang",'Emissions by Airport'!$G:$G) -> 697865.54 | C26: 350.56 | D26: =B26/C26/10000 -> 0.19907164 | E26: Southwest
A27: Guizhou Province | B27: =SUMIF('Emissions by Airport'!$H:$H,"Guizhou",'Emissions by Airport'!$G:$G) -> 2645953.6 | C27: 3622.95 | D27: =B27/C27/10000 -> 0.073033125 | E27: Southwest
A28: Liaoning Province | B28: =SUMIF('Emissions by Airport'!$H:$H,"Liaoning",'Emissions by Airport'!$G:$G) -> 5160010.6 | C28: 4351.7 | D28: =B28/C28/10000 -> 0.11857459 | E28: Northeast
A29: Chongqing Municipality | B29: =SUMIF('Emissions by Airport'!$H:$H,"Chongqing",'Emissions by Airport'!$G:$G) -> 3251304.3 | C29: 3124.32 | D29: =B29/C29/10000 -> 0.10406438 | E29: Southwest
A30: Shaanxi Province | B30: =SUMIF('Emissions by Airport'!$H:$H,"Shaanxi",'Emissions by Airport'!$G:$G) -> 3977800 | C30: 3876.21 | D30: =B30/C30/10000 -> 0.10262086 | E30: Northwest
A31: Qinghai Province | B31: =SUMIF('Emissions by Airport'!$H:$H,"Qinghai",'Emissions by Airport'!$G:$G) -> 919329.74 | C31: 607.82 | D31: =B31/C31/10000 -> 0.15125033 | E31: Northwest
A32: Heilongjiang Province | B32: =SUMIF('Emissions by Airport'!$H:$H,"Heilongjiang",'Emissions by Airport'!$G:$G) -> 2573634.5 | C32: 3751.3 | D32: =B32/C32/10000 -> 0.06860647 | E32: Northeast

Sheet CEctol by Region
A1: Geographical region | B1: CEctol
A2: Northeast | B2: =SUMIF('CEctol by Province'!$E:$E,"Northeast",'CEctol by Province'!$B:$B) -> 9732798.4
A3: East China | B3: =SUMIF('CEctol by Province'!$E:$E,"East China",'CEctol by Province'!$B:$B) -> 33356326
A4: Central China | B4: =SUMIF('CEctol by Province'!$E:$E,"Central China",'CEctol by Province'!$B:$B) -> 9600776.9
A5: North China | B5: =SUMIF('CEctol by Province'!$E:$E,"North China",'CEctol by Province'!$B:$B) -> 13442525
A6: South China | B6: =SUMIF('CEctol by Province'!$E:$E,"South China",'CEctol by Province'!$B:$B) -> 17663130
A7: Northwest | B7: =SUMIF('CEctol by Province'!$E:$E,"Northwest",'CEctol by Province'!$B:$B) -> 12062105
A8: Southwest | B8: =SUMIF('CEctol by Province'!$E:$E,"Southwest",'CEctol by Province'!$B:$B) -> 15483498

Sheet Emissions by Functional Area
A1: Functional area | B1: HC (g) | C1: CO (g) | D1: NOₓ (g) | E1: nvPM (g) | F1: CO₂ (g)
A2: Runway | B2: 477.21996 | C2: 2421.9645 | D2: 244451.43 | E2: 284.22735 | F2: 23505079 | Q2: =L2+L11 -> 0
A3: Taxiway | B3: 2041.0325 | C3: 28498.235 | D3: 8237.1625 | E3: 5.0959383 | F3: 4289551.8 | Q3: =L3+L10 -> 0
A4: Apron | B4: 1491.8577 | C4: 20763.286 | D4: 4458.6744 | E4: 2.0583094 | F4: 3120068 | Q4: =L4+L8 -> 0
A5: Rapid-exit taxiway | B5: 82.47575 | C5: 371.10319 | D5: 43862.549 | E5: 53.696551 | F5: 5190242.8 | Q5: =L5+L9 -> 0
